Business Name,Phone,Website,Address,Niche,City,Qualified,Outreach Message
Georgia Garage LLC,678-719-9950,https://georgiagaragellc.com,Northern Metro Area,garage door,"Atlanta, GA",No,
Cody Padgett Garage Doors,,https://codypadgettgaragedoors.com,Serving Savannah & Pooler,garage door,"Savannah, GA",No,
ProLift Garage Doors of Savannah,(912) 616-6386,https://proliftdoors.com,Serving Savannah Area,garage door,"Savannah, GA",No,
Precision Garage Door Service of Savannah,(912) 330-4747,https://precisiondoorservice.com,1777 Benton Blvd Suite 105,garage door,"Savannah, GA",No,
Superior Garage Doors of Atlanta,404-334-5589,https://superiorgaragedoorsatlanta.com,Serving Atlanta Metro,garage door,"Atlanta, GA",No,
O'Brien Garage Doors,,https://obriendooratlanta.com,Serving Atlanta Metro,garage door,"Atlanta, GA",No,
Top Dog Garage Doors,404-594-5444,https://topdoggaragedoorsga.com,Serving Metro Atlanta,garage door,"Atlanta, GA",No,
Garage Door Genius,(803) 761-2047,https://garagedoorgenius.net,2006 Fox Creek Drive,garage door,"North Augusta, SC",No,
ProLift Garage Doors of Augusta,(762) 245-6808,https://proliftdoors.com,Serving Augusta Metro,garage door,"Augusta, GA",No,
Top Notch Garage Door,,https://topnotchgaragedoor.com,4190 Thurmon Tanner Pkwy,garage door,"Flowery Branch, GA",No,
PV Heating & Air,404-798-9672,https://www.peaveyhvac.com,"165 W Wieuca Rd NE, Suite 310",hvac,"Atlanta, GA",No,
"Moncrief Heating and Air Conditioning, Inc.",404-350-2300,https://www.moncriefair.com,935 Chattahoochee Avenue,hvac,"Atlanta, GA",No,
"Neese-Jones Heating and Air, Inc.",770-751-1850,https://www.neesejones.com,1120 Alpha Dr,hvac,"Alpharetta, GA",No,
"Triad Mechanical, Inc.",470-244-2376,https://www.triadmechanical.com,3220 US Hwy 78,hvac,"Loganville, GA",No,
"ACS, Inc.",770-939-7500,https://www.acsheatair.com,2218 Hanfred Lane,hvac,"Tucker, GA",No,
"American Energy Heating & Air, LLC",770-895-5809,https://americanenergyhvac.com,125-A New Street,hvac,"Decatur, GA",No,
Stiles Heating and Cooling,706-548-1328,https://stilesheatingcooling.com,140 Ben Burton Road,hvac,"Bogart, GA",No,
Conrad's HVAC,912-920-8523,https://www.conradshvac.com,238 Old River Road,hvac,"Bloomingdale, GA",No,
"D&D Heating and Air Conditioning, Inc.",706-340-3111,https://www.ddheat.com,258 Kingston Road,hvac,"Colbert, GA",No,
"Parker Engineering and Mechanical, Inc.",770-446-8330,https://www.parkerem.com,4436 Park Drive,hvac,"Norcross, GA",No,
Peachtree Pest Control,,https://peachtreepestcontrol.com,,pest control,"Atlanta, GA",No,
McDevitt Air,(912) 354-1598,https://mcdevittair.com,7718 Waters Ave,hvac,"Savannah, GA",No,
Savannah Air Factory,(912) 662-8700,https://savannahairfactory.com,1002 US-80,hvac,"Savannah, GA",No,
Estes Services,(404) 361-6560,https://www.estesair.com,3340 Peachtree Rd NE,hvac,"Atlanta, GA",No,
Empire HVAC,(404) 294-0900,https://www.empirehvac.com,4020 Wetherburn Way,hvac,"Atlanta, GA",No,
O'Quinn Heating & Air,(478) 781-6789,https://oquinnair.com,4691 US-41,hvac,"Macon, GA",No,
"Doc Savage Heating & Air Conditioning, Inc.",(706) 426-9262,https://docsavageair.com,2216 Bungalow Rd,hvac,"Augusta, GA",No,
Atlanta Roofing Specialists,(770) 419-2222,https://atlantaroofingspecialists.com,1232 Sandtown Rd,roofing,"Marietta, GA",No,
Accent Roofing Service,(706) 920-6322,https://www.accentroofingservice.com,885 Buford Dr,roofing,"Lawrenceville, GA",No,
Colony Roofers,(678) 365-3138,https://www.colonyroofers.com,750 Peachtree Street Northeast Suite 100,roofing,"Atlanta, GA",No,
Fraser Roofing LLC,(770) 800-7663,http://www.fraserroofingllc.com,3109 Five Forks Trickum Rd,roofing,"Lilburn, GA",No,
"Georgia Roofing & Repair, Inc.",(770) 639-7663,https://garoofingandrepair.com,1201 W Peachtree St NW STE 2361,roofing,"Atlanta, GA",No,
Roofing World Inc,(678) 663-6320,https://roofingworldinc.com,2748 S Cobb Industrial Blvd,roofing,"Smyrna, GA",No,
"Quality Works, LLC",(404) 426-5277,https://qualityworksllc.com,2400 Herodian Way Southeast,roofing,"Smyrna, GA",No,
Turner Pest Control,800-225-5305,https://turnerpest.com,10360 E Baymeadows Rd,pest control,"Jacksonville, FL",No,
Truly Nolen of Florida,866-259-0338,https://trulynolen.com,4020 E Colonial Dr,pest control,"Orlando, FL",No,
5 Star Lawn & Pest Control,386-218-0955,https://5starlawnandpest.com,848 N State Rd 15A,pest control,"DeLand, FL",No,
"Ladybug Pest and Lawn, Inc.",407-333-3392,https://ladybugpest.com,1516 E Altamonte Dr,pest control,"Altamonte Springs, FL",No,
Elekron Electric Inc.,,,2332 Galiano St Second Floor,electrical,"Coral Gables, FL",No,
Ehman Electrical Contractor LLC,,,,electrical,"Port St. Lucie, FL",No,
"Elcon Electric, Inc.",(954) 874-0732,,,electrical,"Boca Raton, FL",No,
Boca Electrical Service,(954) 637-6518,,,electrical,"Boca Raton, FL",No,
Palmer Electric,407-646-8700,https://palmer-electric.com,,electrical,"Orlando, FL",No,
Electrical Experts of FL,(239) 264-6883,https://electricalexpertsoffl.com,,electrical,"Cape Coral, FL",No,
"Tri-City Electrical Contractors, Inc.",,https://tcelectric.com,,electrical,"Orlando, FL",No,
American Electrical Contracting,,https://american-electrical.com,,electrical,"Jacksonville, FL",No,
"Electric Services, Inc.",352-787-7871,https://electric-services.com,1746 U.S. Hwy 441,electrical,"Leesburg, FL",No,
"NuSons Electric, Inc.",(941) 429-7925,,"1077 Innovation Ave, Ste A101",electrical,"North Port, FL",No,
Boca Certified Plumbing,561-392-0654,https://bocacertifiedplumbingservice.com,,plumbing,"Boca Raton, FL",No,
Ward's Plumbing Services,561-732-8741,https://southfloridaplumber.com,3300 S. Congress Ave Suite 19,plumbing,"Boynton Beach, FL",No,
Broward Plumbing Inc.,561-570-7777,https://www.browardplumber.com/plumber-boca-raton,229-231 Goolsby Blvd,plumbing,"Boca Raton, FL",No,
Bamboo Plumbing,305-848-7000,https://bambooplumbing.com,10050 Spanish Isles Blvd E-22,plumbing,"Boca Raton, FL",No,
"Buckeye Plumbing, Inc.",561-282-5393,https://buckeyeplmg.com,310 Business Park Way,plumbing,"Royal Palm Beach, FL",No,
Lindstrom Air Conditioning & Plumbing,954-233-0599,https://lindstromair.com,3581 W McNab Rd,plumbing,"Pompano Beach, FL",No,
"AC Xperts of Florida, Inc.",(561) 671-0005,https://myacxperts.com,240 W Palmetto Park Rd # 310,hvac,"Boca Raton, FL",No,
All-Pro Electrical & Air Conditioning,(561) 395-8123,https://allproelectricalandac.com,811 NW 1st Ave,hvac,"Boca Raton, FL",No,"Hi there, I’ve been following the work All-Pro Electrical & Air Conditioning does around Boca Raton and it’s clear you’ve built a strong reputation in the HVAC space. I’ve developed a strategy that’s specifically helping local contractors bridge the gap between their website visitors and booked service calls. If you're open to seeing a few ideas on how to pick up more local leads this month, I'd be happy to share them whenever you have a quick moment."
Razorback Air Conditioning,(561) 990-2818,https://www.razorbackac.com,6651 W Boynton Beach Blvd,hvac,"Boynton Beach, FL",No,
"The Doorman of Southeast FL, Inc.",561-612-0220,https://palmbeachdoors.com,Serving Palm Beach County,garage door,"Boca Raton, FL",No,
EDL / Gate Masters,561-395-5800,https://edl-gm.com,1100 NW 1st Ave,garage door,"Boca Raton, FL",No,
Boca Raton Garage Door Master,561-257-4250,https://overheaddoorbocaraton.com,Serving Boca Raton Area,garage door,"Boca Raton, FL",No,
J.D. Garage Door Services,561-555-0123,,Serving Boca Raton Area,garage door,"Boca Raton, FL",No,
Mr. Fix It,561-555-9876,,Serving Boca Raton Area,garage door,"Boca Raton, FL",No,